-- WMS 仓储物流管理系统 - 测试数据
-- 生成时间: 2026-05-28
-- 说明: 包含仓库、库位、商品、供应商、客户、库存、入库单、出库单、库存日志等测试数据
--       数据设计支持 AI 功能测试（需求预测、智能补货、异常检测）

USE wms;

-- ==================== 仓库数据 ====================
INSERT INTO wms_warehouse (id, warehouse_code, warehouse_name, warehouse_type, address, contact_person, contact_phone, area, status, remark) VALUES
(1, 'WH001', '主仓库', 1, '上海市浦东新区张江高科技园区', '张经理', '13800138001', 5000.00, 1, '普通仓库，用于存放一般商品'),
(2, 'WH002', '保税仓库', 2, '上海市外高桥保税区', '李经理', '13800138002', 3000.00, 1, '保税仓库，用于存放进口商品'),
(3, 'WH003', '冷链仓库', 3, '上海市松江区冷链物流园', '王经理', '13800138003', 2000.00, 1, '冷链仓库，用于存放生鲜食品');

-- ==================== 库位数据 ====================
INSERT INTO wms_location (id, warehouse_id, location_code, location_name, location_type, area, shelf, layer, position, capacity, status) VALUES
-- 主仓库库位
(1, 1, 'A-01-01', 'A区1排1层', 1, 'A区', 'A01', 1, 1, 500.00, 1),
(2, 1, 'A-01-02', 'A区1排2层', 1, 'A区', 'A01', 2, 1, 500.00, 1),
(3, 1, 'A-02-01', 'A区2排1层', 1, 'A区', 'A02', 1, 1, 500.00, 1),
-- 保税仓库库位
(4, 2, 'B-01-01', 'B区1排1层', 1, 'B区', 'B01', 1, 1, 300.00, 1),
(5, 2, 'B-01-02', 'B区1排2层', 1, 'B区', 'B01', 2, 1, 300.00, 1),
(6, 2, 'B-02-01', 'B区2排1层', 1, 'B区', 'B02', 1, 1, 300.00, 1),
-- 冷链仓库库位
(7, 3, 'C-01-01', 'C区1排1层', 1, 'C区', 'C01', 1, 1, 200.00, 1),
(8, 3, 'C-01-02', 'C区1排2层', 1, 'C区', 'C01', 2, 1, 200.00, 1),
(9, 3, 'C-02-01', 'C区2排1层', 1, 'C区', 'C02', 1, 1, 200.00, 1);

-- ==================== 商品分类数据 ====================
INSERT INTO wms_category (id, parent_id, category_name, category_code, sort_order, status) VALUES
-- 一级分类
(1, 0, '电子产品', 'ELEC', 1, 1),
(2, 0, '食品饮料', 'FOOD', 2, 1),
-- 二级分类 - 电子产品
(3, 1, '手机', 'PHONE', 1, 1),
(4, 1, '电脑', 'COMPUTER', 2, 1),
(5, 1, '平板', 'TABLET', 3, 1),
-- 二级分类 - 食品饮料
(6, 2, '零食', 'SNACK', 1, 1),
(7, 2, '饮料', 'DRINK', 2, 1),
(8, 2, '生鲜', 'FRESH', 3, 1);

-- ==================== 商品数据 ====================
INSERT INTO wms_product (id, product_code, product_name, category_id, brand, specification, unit, barcode, weight, volume, purchase_price, sale_price, safety_stock, min_stock, max_stock, status, remark) VALUES
-- 电子产品（高价值，库存正常或偏低）
(1, 'SP001', 'iPhone 15 Pro', 3, 'Apple', '256GB 深空黑', '台', '6901234560011', 0.187, 0.0005, 6999.00, 8999.00, 10, 5, 50, 1, '苹果旗舰手机'),
(2, 'SP002', 'iPhone 15', 3, 'Apple', '128GB 蓝色', '台', '6901234560012', 0.171, 0.0004, 4999.00, 6999.00, 15, 8, 60, 1, '苹果标准版手机'),
(3, 'SP003', 'MacBook Pro 14', 4, 'Apple', 'M3 Pro 18GB 512GB', '台', '6901234560013', 1.550, 0.0030, 12999.00, 16999.00, 5, 3, 30, 1, '苹果笔记本电脑'),
(4, 'SP004', 'ThinkPad X1 Carbon', 4, 'Lenovo', 'i7 16GB 512GB', '台', '6901234560014', 1.120, 0.0025, 8999.00, 12999.00, 8, 4, 40, 1, '联想商务笔记本'),
(5, 'SP005', 'iPad Air', 5, 'Apple', 'M1 256GB WiFi', '台', '6901234560015', 0.462, 0.0010, 3999.00, 5499.00, 8, 4, 40, 1, '苹果平板电脑'),
-- 食品饮料（低价值，部分库存异常）
(6, 'SP006', '乐事薯片', 6, '乐事', '原味 70g', '包', '6901234560021', 0.070, 0.0002, 3.50, 6.90, 50, 20, 80, 1, '经典口味薯片'),
(7, 'SP007', '可口可乐', 7, '可口可乐', '330ml 罐装', '罐', '6901234560022', 0.330, 0.0003, 1.50, 3.00, 100, 50, 200, 1, '经典碳酸饮料'),
(8, 'SP008', '蒙牛纯牛奶', 7, '蒙牛', '250ml 盒装', '盒', '6901234560023', 0.260, 0.0003, 2.00, 4.50, 30, 15, 100, 1, '纯牛奶'),
(9, 'SP009', '伊利酸奶', 8, '伊利', '100g 杯装', '杯', '6901234560024', 0.105, 0.0001, 1.80, 3.50, 20, 10, 80, 1, '原味酸奶'),
(10, 'SP010', '三元鲜牛奶', 8, '三元', '950ml 盒装', '盒', '6901234560025', 0.980, 0.0010, 8.00, 15.90, 15, 8, 50, 1, '鲜牛奶');

-- ==================== 供应商数据 ====================
INSERT INTO wms_supplier (id, supplier_code, supplier_name, contact_person, contact_phone, email, address, bank_name, bank_account, tax_number, status, remark) VALUES
(1, 'SUP001', '苹果供应链公司', '张三', '13900139001', 'apple@supplier.com', '上海市浦东新区陆家嘴', '中国银行', '6222021234560001', '91310000MA1FL5XQ3T', 1, '苹果官方授权供应商'),
(2, 'SUP002', '联想供应链公司', '李四', '13900139002', 'lenovo@supplier.com', '北京市海淀区中关村', '工商银行', '6222021234560002', '91110000MA1FL5XQ4T', 1, '联想官方授权供应商'),
(3, 'SUP003', '食品批发商城', '王五', '13900139003', 'food@supplier.com', '广州市白云区批发市场', '建设银行', '6222021234560003', '91440000MA1FL5XQ5T', 1, '综合食品供应商');

-- ==================== 客户数据 ====================
INSERT INTO wms_customer (id, customer_code, customer_name, contact_person, contact_phone, email, address, customer_type, status, remark) VALUES
(1, 'CUS001', '京东商城', '赵六', '13800138001', 'jd@customer.com', '北京市亦庄经济开发区', 3, 1, '大型电商平台'),
(2, 'CUS002', '天猫超市', '钱七', '13800138002', 'tmall@customer.com', '杭州市余杭区', 3, 1, '大型电商平台'),
(3, 'CUS003', '线下零售店', '孙八', '13800138003', 'retail@customer.com', '上海市静安区', 1, 1, '线下零售客户');

-- ==================== 库存数据 ====================
-- 设计说明：
-- - iPhone 15 Pro: 库存5，安全库存10 → 低于安全库存（触发补货建议和异常检测）
-- - iPad Air: 库存0 → 库存为零（触发高优先级异常）
-- - 乐事薯片: 库存100，最大库存80 → 超过最大库存（触发异常检测）
-- - 蒙牛纯牛奶: 库存20，安全库存30 → 低于安全库存
-- - 伊利酸奶: 库存10，安全库存20 → 低于安全库存 + 即将过期
-- - 三元鲜牛奶: 库存5，安全库存15 → 严重低于安全库存 + 已过期
INSERT INTO wms_inventory (id, warehouse_id, location_id, product_id, batch_no, quantity, locked_quantity, available_quantity, cost_price, production_date, expiry_date) VALUES
-- 主仓库库存
(1, 1, 1, 1, 'BATCH20260101', 5, 0, 5, 6999.00, '2026-01-01', NULL),   -- iPhone 15 Pro: 低于安全库存
(2, 1, 1, 2, 'BATCH20260102', 20, 2, 18, 4999.00, '2026-01-02', NULL),  -- iPhone 15: 正常
(3, 1, 2, 3, 'BATCH20260103', 10, 0, 10, 12999.00, '2026-01-03', NULL),  -- MacBook Pro: 正常
(4, 1, 2, 4, 'BATCH20260104', 12, 1, 11, 8999.00, '2026-01-04', NULL),   -- ThinkPad: 正常
(5, 1, 3, 5, 'BATCH20260105', 0, 0, 0, 3999.00, '2026-01-05', NULL),     -- iPad Air: 库存为零
-- 保税仓库库存
(6, 2, 4, 6, 'BATCH20260201', 100, 0, 100, 3.50, '2026-02-01', '2026-08-01'),   -- 乐事薯片: 超过最大库存(80)
(7, 2, 4, 7, 'BATCH20260202', 150, 0, 150, 1.50, '2026-02-02', '2027-02-02'),   -- 可口可乐: 正常
(8, 2, 5, 8, 'BATCH20260203', 20, 0, 20, 2.00, '2026-02-03', '2026-06-15'),     -- 蒙牛纯牛奶: 低于安全库存(30)
-- 冷链仓库库存（部分即将过期或已过期）
(9, 3, 7, 9, 'BATCH20260301', 10, 0, 10, 1.80, '2026-03-01', '2026-06-01'),     -- 伊利酸奶: 低于安全库存(20) + 即将过期
(10, 3, 7, 10, 'BATCH20260302', 5, 0, 5, 8.00, '2026-03-02', '2026-05-20'),     -- 三元鲜牛奶: 严重低于安全库存(15) + 已过期
-- 补充库存数据
(11, 1, 3, 1, 'BATCH20260401', 8, 0, 8, 6999.00, '2026-04-01', NULL),   -- iPhone 15 Pro: 另一批次
(12, 2, 5, 6, 'BATCH20260402', 30, 0, 30, 3.50, '2026-04-02', '2026-10-02'),   -- 乐事薯片: 另一批次
(13, 2, 6, 7, 'BATCH20260403', 80, 0, 80, 1.50, '2026-04-03', '2027-04-03'),   -- 可口可乐: 另一批次
(14, 3, 8, 9, 'BATCH20260404', 25, 0, 25, 1.80, '2026-04-04', '2026-07-04'),   -- 伊利酸奶: 另一批次
(15, 3, 9, 10, 'BATCH20260405', 8, 0, 8, 8.00, '2026-04-05', '2026-05-25');    -- 三元鲜牛奶: 另一批次（即将过期）

-- ==================== 入库单数据 ====================
INSERT INTO wms_inbound_order (id, order_no, order_type, warehouse_id, supplier_id, order_status, total_quantity, total_amount, inbound_time, remark) VALUES
(1, 'IN20260501001', 1, 1, 1, 2, 50, 349950.00, '2026-05-01 10:00:00', '苹果手机采购入库'),
(2, 'IN20260505001', 1, 2, 3, 2, 200, 700.00, '2026-05-05 14:00:00', '食品采购入库'),
(3, 'IN20260510001', 1, 1, 2, 1, 30, 269970.00, NULL, '联想笔记本采购入库-待执行'),
(4, 'IN20260515001', 1, 3, 3, 0, 50, 250.00, NULL, '生鲜食品采购入库-待审核'),
(5, 'IN20260520001', 1, 1, 1, 3, 20, 139980.00, NULL, '苹果平板采购入库-已取消');

-- ==================== 入库单明细数据 ====================
INSERT INTO wms_inbound_order_item (id, order_id, product_id, location_id, batch_no, quantity, price, amount) VALUES
-- 入库单1: iPhone 15 Pro
(1, 1, 1, 1, 'BATCH20260501', 30, 6999.00, 209970.00),
(2, 1, 2, 1, 'BATCH20260501', 20, 4999.00, 99980.00),
-- 入库单2: 食品
(3, 2, 6, 4, 'BATCH20260505', 100, 3.50, 350.00),
(4, 2, 7, 4, 'BATCH20260505', 100, 1.50, 150.00),
-- 入库单3: ThinkPad
(5, 3, 4, 2, 'BATCH20260510', 30, 8999.00, 269970.00),
-- 入库单4: 生鲜
(6, 4, 9, 7, 'BATCH20260515', 30, 1.80, 54.00),
(7, 4, 10, 7, 'BATCH20260515', 20, 8.00, 160.00),
-- 入库单5: iPad（已取消）
(8, 5, 5, 3, 'BATCH20260520', 20, 3999.00, 79980.00);

-- ==================== 出库单数据 ====================
INSERT INTO wms_outbound_order (id, order_no, order_type, warehouse_id, customer_id, order_status, total_quantity, total_amount, outbound_time, remark) VALUES
(1, 'OUT20260501001', 1, 1, 1, 2, 25, 199975.00, '2026-05-01 15:00:00', '京东商城销售出库'),
(2, 'OUT20260505001', 1, 2, 2, 2, 80, 420.00, '2026-05-05 16:00:00', '天猫超市销售出库'),
(3, 'OUT20260510001', 1, 1, 3, 1, 15, 134985.00, NULL, '线下零售店出库-待执行'),
(4, 'OUT20260515001', 1, 3, 1, 0, 20, 70.00, NULL, '京东商城生鲜出库-待审核'),
(5, 'OUT20260520001', 1, 1, 2, 3, 10, 69990.00, NULL, '天猫超市出库-已取消');

-- ==================== 出库单明细数据 ====================
-- 设计说明：出库单明细按日期分布，用于需求预测AI分析
INSERT INTO wms_outbound_order_item (id, order_id, product_id, location_id, batch_no, quantity, price, amount) VALUES
-- 出库单1: 手机出库
(1, 1, 1, 1, 'BATCH20260101', 10, 8999.00, 89990.00),
(2, 1, 2, 1, 'BATCH20260102', 15, 6999.00, 104985.00),
-- 出库单2: 食品出库
(3, 2, 6, 4, 'BATCH20260201', 50, 6.90, 345.00),
(4, 2, 7, 4, 'BATCH20260202', 30, 3.00, 90.00),
-- 出库单3: 电脑出库
(5, 3, 3, 2, 'BATCH20260103', 5, 16999.00, 84995.00),
(6, 3, 4, 2, 'BATCH20260104', 10, 12999.00, 129990.00),
-- 出库单4: 生鲜出库
(7, 4, 9, 7, 'BATCH20260301', 10, 3.50, 35.00),
(8, 4, 10, 7, 'BATCH20260302', 10, 15.90, 159.00),
-- 出库单5: 平板出库（已取消）
(9, 5, 5, 3, 'BATCH20260105', 10, 5499.00, 54990.00);

-- ==================== 库存变更日志数据 ====================
INSERT INTO wms_inventory_log (warehouse_id, product_id, batch_no, change_type, change_quantity, before_quantity, after_quantity, order_no, remark, gmt_create) VALUES
(1, 1, 'BATCH20260101', 1, 30, 0, 30, 'IN20260501001', '采购入库', '2026-05-01 10:00:00'),
(1, 1, 'BATCH20260101', 2, -10, 30, 20, 'OUT20260501001', '销售出库', '2026-05-01 15:00:00'),
(1, 1, 'BATCH20260101', 2, -15, 20, 5, NULL, '销售出库', '2026-05-03 10:00:00'),
(2, 6, 'BATCH20260201', 1, 100, 0, 100, 'IN20260505001', '采购入库', '2026-05-05 14:00:00'),
(2, 6, 'BATCH20260201', 2, -50, 100, 50, 'OUT20260505001', '销售出库', '2026-05-05 16:00:00'),
(2, 7, 'BATCH20260202', 1, 150, 0, 150, 'IN20260505001', '采购入库', '2026-05-05 14:00:00'),
(2, 7, 'BATCH20260202', 2, -30, 150, 120, 'OUT20260505001', '销售出库', '2026-05-05 16:00:00'),
(1, 3, 'BATCH20260103', 1, 10, 0, 10, NULL, '采购入库', '2026-05-10 10:00:00'),
(1, 3, 'BATCH20260103', 2, -5, 10, 5, 'OUT20260510001', '销售出库', '2026-05-10 14:00:00'),
(3, 10, 'BATCH20260302', 4, -3, 8, 5, NULL, '盘点调整-过期处理', '2026-05-15 09:00:00');

-- ==================== 补充出库数据（用于需求预测） ====================
-- 最近30天的出库单，按日期分布
INSERT INTO wms_outbound_order (id, order_no, order_type, warehouse_id, customer_id, order_status, total_quantity, total_amount, outbound_time, remark) VALUES
(6, 'OUT20260430001', 1, 1, 1, 2, 20, 179980.00, '2026-04-30 10:00:00', '月度出库'),
(7, 'OUT20260502001', 1, 1, 2, 2, 15, 104985.00, '2026-05-02 10:00:00', '日常出库'),
(8, 'OUT20260503001', 1, 2, 1, 2, 40, 240.00, '2026-05-03 10:00:00', '食品出库'),
(9, 'OUT20260504001', 1, 1, 3, 2, 8, 71992.00, '2026-05-04 10:00:00', '手机出库'),
(10, 'OUT20260506001', 1, 3, 2, 2, 15, 52.50, '2026-05-06 10:00:00', '生鲜出库'),
(11, 'OUT20260507001', 1, 1, 1, 2, 12, 83988.00, '2026-05-07 10:00:00', '电脑出库'),
(12, 'OUT20260508001', 1, 2, 3, 2, 60, 360.00, '2026-05-08 10:00:00', '食品出库'),
(13, 'OUT20260509001', 1, 1, 2, 2, 18, 125982.00, '2026-05-09 10:00:00', '手机出库'),
(14, 'OUT20260511001', 1, 3, 1, 2, 10, 35.00, '2026-05-11 10:00:00', '酸奶出库'),
(15, 'OUT20260512001', 1, 1, 3, 2, 6, 53994.00, '2026-05-12 10:00:00', '电脑出库'),
(16, 'OUT20260513001', 1, 2, 1, 2, 35, 105.00, '2026-05-13 10:00:00', '饮料出库'),
(17, 'OUT20260514001', 1, 1, 2, 2, 10, 69990.00, '2026-05-14 10:00:00', '手机出库'),
(18, 'OUT20260516001', 1, 3, 3, 2, 8, 28.00, '2026-05-16 10:00:00', '酸奶出库'),
(19, 'OUT20260517001', 1, 1, 1, 2, 5, 64995.00, '2026-05-17 10:00:00', '笔记本出库'),
(20, 'OUT20260518001', 1, 2, 2, 2, 45, 270.00, '2026-05-18 10:00:00', '食品出库'),
(21, 'OUT20260519001', 1, 1, 3, 2, 14, 97986.00, '2026-05-19 10:00:00', '手机出库'),
(22, 'OUT20260521001', 1, 3, 1, 2, 12, 42.00, '2026-05-21 10:00:00', '酸奶出库'),
(23, 'OUT20260522001', 1, 1, 2, 2, 7, 48993.00, '2026-05-22 10:00:00', '平板出库'),
(24, 'OUT20260523001', 1, 2, 1, 2, 55, 165.00, '2026-05-23 10:00:00', '饮料出库'),
(25, 'OUT20260524001', 1, 1, 3, 2, 9, 80991.00, '2026-05-24 10:00:00', '笔记本出库'),
(26, 'OUT20260525001', 1, 3, 2, 2, 6, 21.00, '2026-05-25 10:00:00', '生鲜出库'),
(27, 'OUT20260526001', 1, 1, 1, 2, 11, 76989.00, '2026-05-26 10:00:00', '手机出库'),
(28, 'OUT20260527001', 1, 2, 3, 2, 40, 120.00, '2026-05-27 10:00:00', '食品出库'),
(29, 'OUT20260528001', 1, 1, 2, 2, 16, 111984.00, '2026-05-28 10:00:00', '手机出库');

-- 补充出库单明细
INSERT INTO wms_outbound_order_item (id, order_id, product_id, location_id, batch_no, quantity, price, amount) VALUES
(10, 6, 1, 1, 'BATCH20260101', 10, 8999.00, 89990.00),
(11, 6, 2, 1, 'BATCH20260102', 10, 6999.00, 69990.00),
(12, 7, 2, 1, 'BATCH20260102', 15, 6999.00, 104985.00),
(13, 8, 6, 4, 'BATCH20260201', 20, 6.90, 138.00),
(14, 8, 7, 4, 'BATCH20260202', 20, 3.00, 60.00),
(15, 9, 1, 1, 'BATCH20260101', 5, 8999.00, 44995.00),
(16, 9, 2, 1, 'BATCH20260102', 3, 6999.00, 20997.00),
(17, 10, 9, 7, 'BATCH20260301', 10, 3.50, 35.00),
(18, 10, 10, 7, 'BATCH20260302', 5, 15.90, 79.50),
(19, 11, 3, 2, 'BATCH20260103', 4, 16999.00, 67996.00),
(20, 11, 4, 2, 'BATCH20260104', 8, 12999.00, 103992.00),
(21, 12, 6, 4, 'BATCH20260201', 30, 6.90, 207.00),
(22, 12, 7, 4, 'BATCH20260202', 30, 3.00, 90.00),
(23, 13, 1, 1, 'BATCH20260101', 8, 8999.00, 71992.00),
(24, 13, 2, 1, 'BATCH20260102', 10, 6999.00, 69990.00),
(25, 14, 9, 7, 'BATCH20260301', 10, 3.50, 35.00),
(26, 15, 3, 2, 'BATCH20260103', 2, 16999.00, 33998.00),
(27, 15, 4, 2, 'BATCH20260104', 4, 12999.00, 51996.00),
(28, 16, 6, 4, 'BATCH20260201', 20, 6.90, 138.00),
(29, 16, 7, 4, 'BATCH20260202', 15, 3.00, 45.00),
(30, 17, 2, 1, 'BATCH20260102', 10, 6999.00, 69990.00),
(31, 18, 9, 7, 'BATCH20260301', 8, 3.50, 28.00),
(32, 19, 3, 2, 'BATCH20260103', 3, 16999.00, 50997.00),
(33, 19, 4, 2, 'BATCH20260104', 2, 12999.00, 25998.00),
(34, 20, 6, 4, 'BATCH20260201', 25, 6.90, 172.50),
(35, 20, 7, 4, 'BATCH20260202', 20, 3.00, 60.00),
(36, 21, 1, 1, 'BATCH20260101', 6, 8999.00, 53994.00),
(37, 21, 2, 1, 'BATCH20260102', 8, 6999.00, 55992.00),
(38, 22, 9, 7, 'BATCH20260301', 12, 3.50, 42.00),
(39, 23, 5, 3, 'BATCH20260105', 7, 5499.00, 38493.00),
(40, 24, 6, 4, 'BATCH20260201', 30, 6.90, 207.00),
(41, 24, 7, 4, 'BATCH20260202', 25, 3.00, 75.00),
(42, 25, 3, 2, 'BATCH20260103', 3, 16999.00, 50997.00),
(43, 25, 4, 2, 'BATCH20260104', 6, 12999.00, 77994.00),
(44, 26, 10, 7, 'BATCH20260302', 3, 15.90, 47.70),
(45, 26, 9, 7, 'BATCH20260301', 3, 3.50, 10.50),
(46, 27, 1, 1, 'BATCH20260101', 5, 8999.00, 44995.00),
(47, 27, 2, 1, 'BATCH20260102', 6, 6999.00, 41994.00),
(48, 28, 6, 4, 'BATCH20260201', 25, 6.90, 172.50),
(49, 28, 7, 4, 'BATCH20260202', 15, 3.00, 45.00),
(50, 29, 1, 1, 'BATCH20260101', 8, 8999.00, 71992.00),
(51, 29, 2, 1, 'BATCH20260102', 8, 6999.00, 55992.00);
